<?xml version="1.0" encoding="iso-8859-1"?>
<Configuration>
<fmFieldsVis>
<FormVersion>0</FormVersion>
<ShowCmd>1</ShowCmd>
<Flags>0</Flags>
<PixelsPerInch>96</PixelsPerInch>
<MinMaxPos_1440x900_>-1,-1,-1,-1</MinMaxPos_1440x900_>
<MinMaxPos>-1,-1,-1,-1</MinMaxPos>
<NormPos_1440x900_>135,82,368,427</NormPos_1440x900_>
<NormPos>135,82,368,427</NormPos>
<MinMaxPos_1680x1050_>-1,-1,-1,-1</MinMaxPos_1680x1050_>
<NormPos_1680x1050_>132,80,365,425</NormPos_1680x1050_>
</fmFieldsVis>
<fmMain>
<Grid>
<Grid.PERSONID>3,73,0,0,0,7,0,0,1</Grid.PERSONID>
<Grid.FIO>2,187,2,1,1,7,0,0,1</Grid.FIO>
<_Default_>14,0</_Default_>
<Grid.SPECIALITY>5,112,0,1,0,7,0,0,1</Grid.SPECIALITY>
<Grid.FULL_PATH>0,88,0,0,0,7,0,0,1</Grid.FULL_PATH>
<Grid.ENTRANT_DOCID>1,64,0,0,0,7,0,0,1</Grid.ENTRANT_DOCID>
<Grid.MARK1>7,54,0,1,0,7,0,0,1</Grid.MARK1>
<Grid.MARK2>8,54,0,1,0,7,0,0,1</Grid.MARK2>
<Grid.MARK3>9,50,0,1,0,7,0,0,1</Grid.MARK3>
<Grid.MARK_SUM>12,35,0,1,0,7,0,0,1</Grid.MARK_SUM>
<Grid.MARKID1>15,64,0,0,0,7,0,0,1</Grid.MARKID1>
<Grid.MARKID2>18,64,0,0,0,7,0,0,1</Grid.MARKID2>
<Grid.MARKID3>17,64,0,0,0,7,0,0,1</Grid.MARKID3>
<Grid.MARK_SUMID>19,64,0,0,0,7,0,0,1</Grid.MARK_SUMID>
<Grid.DISCIPLINE1>4,99,0,1,0,7,0,0,1</Grid.DISCIPLINE1>
<Grid.DISCIPLINEID1>12,64,0,0,0,7,0,0,1</Grid.DISCIPLINEID1>
<Grid.DISCIPLINE2>6,84,0,1,0,7,0,0,1</Grid.DISCIPLINE2>
<Grid.DISCIPLINE3>8,93,0,1,0,7,0,0,1</Grid.DISCIPLINE3>
<Grid.DISCIPLINEID3>14,64,0,0,0,7,0,0,1</Grid.DISCIPLINEID3>
<Grid.R_BONUS_MARKS_WINNER_IV>10,46,0,1,0,7,0,0,1</Grid.R_BONUS_MARKS_WINNER_IV>
<Grid.EDUFORM>36,67,0,1,0,7,0,0,1</Grid.EDUFORM>
<Grid.EDUBASIS>13,77,0,1,0,7,0,0,1</Grid.EDUBASIS>
<Grid.CERTIFICATE1>9,145,0,1,0,7,0,0,1</Grid.CERTIFICATE1>
<Grid.CERTIFICATE2>10,102,0,1,0,7,0,0,1</Grid.CERTIFICATE2>
<Grid.CERTIFICATE3>11,94,0,1,0,7,0,0,1</Grid.CERTIFICATE3>
<Grid.CERTIFICATES>39,162,0,1,0,7,0,0,1</Grid.CERTIFICATES>
<Grid.ENTERDATE>6,64,0,0,0,7,0,0,1</Grid.ENTERDATE>
<Grid.R_INVALID_I>40,42,0,1,0,7,0,0,1</Grid.R_INVALID_I>
<Grid.R_INVALID_II>15,40,0,1,0,7,0,0,1</Grid.R_INVALID_II>
<Grid.R_INVALID_CHILD>46,55,0,1,0,7,0,0,1</Grid.R_INVALID_CHILD>
<Grid.R_VETERAN_WAR>16,34,0,1,0,7,0,0,1</Grid.R_VETERAN_WAR>
<Grid.R_SHAHTAR>17,34,0,1,0,7,0,0,1</Grid.R_SHAHTAR>
<Grid.R_LOST_WORKER_CHILD>18,34,0,1,0,7,0,0,1</Grid.R_LOST_WORKER_CHILD>
<Grid.R_MANYCHILDS_FAMILY>20,34,0,1,0,7,0,0,1</Grid.R_MANYCHILDS_FAMILY>
<Grid.R_VICTIM_FAILURE_CHAES_I_II>59,34,0,1,0,7,0,0,1</Grid.R_VICTIM_FAILURE_CHAES_I_II>
<Grid.R_VICTIM_FAILURE_CHAES_III_IV>47,34,0,1,0,7,0,0,1</Grid.R_VICTIM_FAILURE_CHAES_III_IV>
<Grid.R_LOCALSCHOOL_GOLD_MEDAL>21,34,0,1,0,7,0,0,1</Grid.R_LOCALSCHOOL_GOLD_MEDAL>
<Grid.R_MANYCHILDS_FAMILY1>21,34,0,1,0,7,0,0,1</Grid.R_MANYCHILDS_FAMILY1>
<Grid.R_GOLD_MEDAL>48,51,0,1,0,7,0,0,1</Grid.R_GOLD_MEDAL>
<Grid.R_LOCALSCHOOL_SILVER_MEDAL>49,34,0,1,0,7,0,0,1</Grid.R_LOCALSCHOOL_SILVER_MEDAL>
<Grid.R_SILVER_MEDAL>50,34,0,1,0,7,0,0,1</Grid.R_SILVER_MEDAL>
<Grid.R_LOCALSCHOOL>51,34,0,1,0,7,0,0,1</Grid.R_LOCALSCHOOL>
<Grid.R_PREPARATORY_DEPARTMENT>52,34,0,1,0,7,0,0,1</Grid.R_PREPARATORY_DEPARTMENT>
<Grid.R_PREPARATORY_COURSES>28,34,0,1,0,7,0,0,1</Grid.R_PREPARATORY_COURSES>
<Grid.R_DIPLOMA_OF_HONOURS_DEGREE>53,34,0,1,0,7,0,0,1</Grid.R_DIPLOMA_OF_HONOURS_DEGREE>
<Grid.R_DIPLOMA_OF_BACHELOR>31,34,0,1,0,7,0,0,1</Grid.R_DIPLOMA_OF_BACHELOR>
<Grid.R_DIPLOM_COLLEGE>30,34,0,1,0,7,0,0,1</Grid.R_DIPLOM_COLLEGE>
<Grid.R_DIPLOM_COLLEGE_HONOURS_DEGREE>32,34,0,1,0,7,0,0,1</Grid.R_DIPLOM_COLLEGE_HONOURS_DEGREE>
<Grid.UKRCERTIFICATE>41,34,0,1,0,7,0,0,1</Grid.UKRCERTIFICATE>
<Grid.R_TARGET_VILLAGER>42,59,0,1,0,7,0,0,1</Grid.R_TARGET_VILLAGER>
<Grid.R_WINNER_III_OR_MAN>43,42,0,1,0,7,0,0,1</Grid.R_WINNER_III_OR_MAN>
<Grid.R_PRAISEWORTHY_DEED>45,62,0,1,0,7,0,0,1</Grid.R_PRAISEWORTHY_DEED>
<Grid.R_WINNER_IV>33,63,0,1,0,7,0,0,1</Grid.R_WINNER_IV>
<Grid.SEX>4,33,0,1,0,7,0,0,1</Grid.SEX>
<Grid.BIRTHDATE>5,64,0,1,0,7,0,0,1</Grid.BIRTHDATE>
<Grid.EMAIL>6,95,0,1,0,7,0,0,1</Grid.EMAIL>
<Grid.MOBILE>7,117,0,1,0,7,0,0,1</Grid.MOBILE>
<Grid.ADDRESSBEFORE>8,165,0,1,0,7,0,0,1</Grid.ADDRESSBEFORE>
<Grid.ORPHAN>12,34,0,1,0,7,0,0,1</Grid.ORPHAN>
<Grid.VILLAGER>13,34,0,1,0,7,0,0,1</Grid.VILLAGER>
<Grid.ENDEDUCATIONTHISYEAR>14,34,0,1,0,7,0,0,1</Grid.ENDEDUCATIONTHISYEAR>
<Grid.PERSONALFILENUM>4,68,0,1,0,7,0,0,1</Grid.PERSONALFILENUM>
<Grid.GROUPNUM>55,64,0,1,0,7,0,0,1</Grid.GROUPNUM>
<Grid.HAS_PAYMENT>56,73,0,1,0,7,0,0,1</Grid.HAS_PAYMENT>
<Grid.ORIGINAL_DOCS_DATE>57,64,0,1,0,7,0,0,1</Grid.ORIGINAL_DOCS_DATE>
<Grid.RETURNDATE>58,64,0,1,0,7,0,0,1</Grid.RETURNDATE>
<Grid.COMPETITIONID>22,64,0,1,0,7,0,0,1</Grid.COMPETITIONID>
<Grid.CATEGORY_WOTESTS>23,34,0,1,0,7,0,0,1</Grid.CATEGORY_WOTESTS>
<Grid.CATEGORY_INTERVIEW>24,34,0,1,0,7,0,0,1</Grid.CATEGORY_INTERVIEW>
<Grid.CATEGORY_PROFILE>25,34,0,1,0,7,0,0,1</Grid.CATEGORY_PROFILE>
<Grid.CATEGORY_HORSCONCOURS>26,34,0,1,0,7,0,0,1</Grid.CATEGORY_HORSCONCOURS>
<Grid.MARK0>27,184,0,1,0,7,0,0,1</Grid.MARK0>
<Grid.R_AVGMARK_STR>11,49,0,1,0,7,0,0,1</Grid.R_AVGMARK_STR>
<Grid.SPECIALITYID>14,64,0,0,0,7,0,0,1</Grid.SPECIALITYID>
<Grid.SENIORITY>20,40,0,1,0,7,0,0,1</Grid.SENIORITY>
<Grid.SENIORITYID>16,64,0,0,0,7,0,0,1</Grid.SENIORITYID>
<Grid.R_AVGMARK>16,64,0,0,0,7,0,0,1</Grid.R_AVGMARK>
</Grid>
<FormVersion>0</FormVersion>
<ShowCmd>1</ShowCmd>
<Flags>0</Flags>
<PixelsPerInch>96</PixelsPerInch>
<MinMaxPos_1440x900_>-1,-1,-1,-1</MinMaxPos_1440x900_>
<MinMaxPos>-1,-1,-1,-1</MinMaxPos>
<NormPos_1440x900_>1,0,931,528</NormPos_1440x900_>
<NormPos>3,83,1026,640</NormPos>
<Values>
<Fields>PERSONID,ENTRANT_DOCID,FULL_PATH,FIO,SPECIALITY,EDUBASIS,ENTERDATE,PERSONALFILENUM,R_AVGMARK_STR,MARK1,MARK2,MARK3,MARK_SUM,R_BONUS_MARKS_WINNER_IV,SPECIALITYID,R_AVGMARK,MARKID1,MARKID2,MARKID3,MARK_SUMID</Fields>
<Order>        4
</Order>
<Filter_Enabled>FALSE</Filter_Enabled>
<FrozeLayout>TRUE</FrozeLayout>
<RowSelection>TRUE</RowSelection>
<EnterPlanPath>22023</EnterPlanPath>
<CurrentYear>2011</CurrentYear>
<FrozeColumn1>TRUE</FrozeColumn1>
</Values>
<MinMaxPos_1024x768_>-1,-1,-1,-1</MinMaxPos_1024x768_>
<NormPos_1024x768_>3,83,1026,640</NormPos_1024x768_>
<MinMaxPos_1680x1050_>-1,-1,-1,-1</MinMaxPos_1680x1050_>
<NormPos_1680x1050_>3,7,1025,575</NormPos_1680x1050_>
</fmMain>
<Items>
<Count>110</Count>
<0>tbOther, mc_7811, F5</0>
<1>tbOther, mc_7864, 0</1>
<2>tbStandard, mc_7814, Alt+F4</2>
<3>tbStandard, mc_7799, F2</3>
<4>tbStandard, mc_7798, 0</4>
<5>tbFilter, mc_7852, Ctrl+T</5>
<6>tbFilter, mc_7854, 0</6>
<7>tbFilter, mc_7855, 0</7>
<8>Customizer, mc_7801, Ctrl+A</8>
<9>Customizer, mc_7802, Ctrl+C</9>
<10>Customizer, mc_7804, Ctrl+I</10>
<11>Customizer, mc_7806, 0</11>
<12>Customizer, mc_7807, 0</12>
<13>Customizer, mc_7809, Ctrl+Del</13>
<14>Customizer, mc_7812, F9</14>
<15>Customizer, mc_7816, Ctrl+T</15>
<16>Customizer, mc_7817, 0</16>
<17>Customizer, mc_7819, 0</17>
<18>Customizer, mc_7820, 0</18>
<19>Customizer, mc_7822, 0</19>
<20>Customizer, mc_7823, 0</20>
<21>Customizer, mc_7826, 0</21>
<22>Customizer, mc_7827, 0</22>
<23>Customizer, mc_7828, 0</23>
<24>Customizer, mc_7829, 0</24>
<25>Customizer, mc_7830, 0</25>
<26>Customizer, mc_7831, 0</26>
<27>Customizer, mc_7832, 0</27>
<28>Customizer, mc_7834, 0</28>
<29>Customizer, mc_7835, 0</29>
<30>Customizer, mc_7836, 0</30>
<31>Customizer, mc_7837, 0</31>
<32>Customizer, mc_7838, 0</32>
<33>Customizer, mc_7839, 0</33>
<34>Customizer, mc_7840, 0</34>
<35>Customizer, mc_7842, 0</35>
<36>Customizer, mc_7843, 0</36>
<37>Customizer, mc_7844, 0</37>
<38>Customizer, mc_7845, 0</38>
<39>Customizer, mc_7846, 0</39>
<40>Customizer, mc_7847, 0</40>
<41>Customizer, mc_7848, 0</41>
<42>Customizer, mc_7849, 0</42>
<43>Customizer, mc_7850, 0</43>
<44>Customizer, mc_7857, 0</44>
<45>Customizer, mc_7859, 0</45>
<46>Customizer, mc_7861, 0</46>
<47>Customizer, mc_7866, 0</47>
<48>Customizer, mc_7867, 0</48>
<49>Customizer, mc_7869, 0</49>
<50>Customizer, mc_7870, 0</50>
<51>Customizer, mc_7871, 0</51>
<52>Customizer, mc_7873, F1</52>
<53>Customizer, mc_7875, 0</53>
<54>Customizer, mc_8093, 0</54>
<55>tbMainMenu, m_7798, 0</55>
<56>tbMainMenu, m_7799, F2</56>
<57>tbMainMenu, m_7801, Ctrl+A</57>
<58>tbMainMenu, m_7802, Ctrl+C</58>
<59>tbMainMenu, m_7804, Ctrl+I</59>
<60>tbMainMenu, m_7806, 0</60>
<61>tbMainMenu, m_7807, 0</61>
<62>tbMainMenu, m_7809, Ctrl+Del</62>
<63>tbMainMenu, m_7811, F5</63>
<64>tbMainMenu, m_7812, F9</64>
<65>tbMainMenu, m_7814, Alt+F4</65>
<66>tbMainMenu, m_7816, Ctrl+T</66>
<67>tbMainMenu, m_7817, 0</67>
<68>tbMainMenu, m_7819, 0</68>
<69>tbMainMenu, m_7820, 0</69>
<70>tbMainMenu, m_7822, 0</70>
<71>tbMainMenu, m_7823, 0</71>
<72>tbMainMenu, m_7826, 0</72>
<73>tbMainMenu, m_7827, 0</73>
<74>tbMainMenu, m_7828, 0</74>
<75>tbMainMenu, m_7829, 0</75>
<76>tbMainMenu, m_7830, 0</76>
<77>tbMainMenu, m_7831, 0</77>
<78>tbMainMenu, m_7832, 0</78>
<79>tbMainMenu, m_7834, 0</79>
<80>tbMainMenu, m_7835, 0</80>
<81>tbMainMenu, m_7836, 0</81>
<82>tbMainMenu, m_7837, 0</82>
<83>tbMainMenu, m_7838, 0</83>
<84>tbMainMenu, m_7839, 0</84>
<85>tbMainMenu, m_7840, 0</85>
<86>tbMainMenu, m_7842, 0</86>
<87>tbMainMenu, m_7843, 0</87>
<88>tbMainMenu, m_7844, 0</88>
<89>tbMainMenu, m_7845, 0</89>
<90>tbMainMenu, m_7846, 0</90>
<91>tbMainMenu, m_7847, 0</91>
<92>tbMainMenu, m_7848, 0</92>
<93>tbMainMenu, m_7849, 0</93>
<94>tbMainMenu, m_7850, 0</94>
<95>tbMainMenu, m_8093, 0</95>
<96>tbMainMenu, m_7852, Ctrl+T</96>
<97>tbMainMenu, m_7854, 0</97>
<98>tbMainMenu, m_7855, 0</98>
<99>tbMainMenu, m_7857, 0</99>
<100>tbMainMenu, m_7859, 0</100>
<101>tbMainMenu, m_7861, 0</101>
<102>tbMainMenu, m_7864, 0</102>
<103>tbMainMenu, m_7866, 0</103>
<104>tbMainMenu, m_7867, 0</104>
<105>tbMainMenu, m_7869, 0</105>
<106>tbMainMenu, m_7870, 0</106>
<107>tbMainMenu, m_7871, 0</107>
<108>tbMainMenu, m_7873, F1</108>
<109>tbMainMenu, m_7875, 0</109>
</Items>
<ExtraOptions>
<Count>1</Count>
<0>Skin=Default</0>
</ExtraOptions>
<Layouts>
<Count>1</Count>
<0>LastLayout</0>
</Layouts>
<LastLayout___MainMenu>
<Rev>2000</Rev>
<Visible>1</Visible>
<DockedTo>TBXDock1</DockedTo>
<LastDock>TBXDock1</LastDock>
<DockRow>0</DockRow>
<DockPos>0</DockPos>
<FloatLeft>0</FloatLeft>
<FloatTop>0</FloatTop>
<FloatRightX>0</FloatRightX>
<DisplayMode>0</DisplayMode>
</LastLayout___MainMenu>
<LastLayout___pnFavorite>
<Rev>2000</Rev>
<Visible>1</Visible>
<DockedTo>DockLeft</DockedTo>
<LastDock>DockLeft</LastDock>
<DockRow>0</DockRow>
<DockPos>128</DockPos>
<FloatLeft>0</FloatLeft>
<FloatTop>0</FloatTop>
<ClientWidth>191</ClientWidth>
<ClientHeight>284</ClientHeight>
<FloatingClientWidth>0</FloatingClientWidth>
<FloatingClientHeight>0</FloatingClientHeight>
<RestoreSize>0</RestoreSize>
<State>0</State>
</LastLayout___pnFavorite>
<LastLayout___pnFilter>
<Rev>2000</Rev>
<Visible>0</Visible>
<DockedTo>DockLeft</DockedTo>
<LastDock>DockLeft</LastDock>
<DockRow>0</DockRow>
<DockPos>0</DockPos>
<FloatLeft>0</FloatLeft>
<FloatTop>0</FloatTop>
<ClientWidth>233</ClientWidth>
<ClientHeight>154</ClientHeight>
<FloatingClientWidth>0</FloatingClientWidth>
<FloatingClientHeight>0</FloatingClientHeight>
<RestoreSize>0</RestoreSize>
<State>0</State>
</LastLayout___pnFilter>
<LastLayout___t4>
<Rev>2000</Rev>
<Visible>1</Visible>
<DockedTo>TBXDock1</DockedTo>
<LastDock>TBXDock1</LastDock>
<DockRow>0</DockRow>
<DockPos>-1</DockPos>
<FloatLeft>0</FloatLeft>
<FloatTop>0</FloatTop>
<FloatRightX>0</FloatRightX>
<DisplayMode>0</DisplayMode>
</LastLayout___t4>
<LastLayout___t3>
<Rev>2000</Rev>
<Visible>1</Visible>
<DockedTo>TBXDock1</DockedTo>
<LastDock>TBXDock1</LastDock>
<DockRow>0</DockRow>
<DockPos>-1</DockPos>
<FloatLeft>0</FloatLeft>
<FloatTop>0</FloatTop>
<FloatRightX>0</FloatRightX>
<DisplayMode>0</DisplayMode>
</LastLayout___t3>
<LastLayout___t2>
<Rev>2000</Rev>
<Visible>1</Visible>
<DockedTo>TBXDock1</DockedTo>
<LastDock>TBXDock1</LastDock>
<DockRow>0</DockRow>
<DockPos>-1</DockPos>
<FloatLeft>0</FloatLeft>
<FloatTop>0</FloatTop>
<FloatRightX>0</FloatRightX>
<DisplayMode>0</DisplayMode>
</LastLayout___t2>
<LastLayout___t1>
<Rev>2000</Rev>
<Visible>1</Visible>
<DockedTo>TBXDock1</DockedTo>
<LastDock>TBXDock1</LastDock>
<DockRow>0</DockRow>
<DockPos>-1</DockPos>
<FloatLeft>0</FloatLeft>
<FloatTop>0</FloatTop>
<FloatRightX>0</FloatRightX>
<DisplayMode>0</DisplayMode>
</LastLayout___t1>
<LastLayout___DockLeft>
<MultiDockWidth>290</MultiDockWidth>
<MultiDockHeight>446</MultiDockHeight>
</LastLayout___DockLeft>
<LastLayout___SpTBXSplitter1>
<SplitterRestorePos>60</SplitterRestorePos>
</LastLayout___SpTBXSplitter1>
<fmGuide>
<FormVersion>0</FormVersion>
<GuidePath>50003,10026,10835</GuidePath>
<ShowCmd>1</ShowCmd>
<Flags>0</Flags>
<PixelsPerInch>96</PixelsPerInch>
<MinMaxPos_1440x900_>-1,-1,-1,-1</MinMaxPos_1440x900_>
<MinMaxPos>-1,-1,-1,-1</MinMaxPos>
<NormPos_1440x900_>125,76,1023,735</NormPos_1440x900_>
<NormPos>-15,8,1021,734</NormPos>
<MinMaxPos_1024x768_>-1,-1,-1,-1</MinMaxPos_1024x768_>
<NormPos_1024x768_>-15,8,1021,734</NormPos_1024x768_>
<GuideExpanded>50000,50001,50002,10020,50003,10026,50004</GuideExpanded>
<MinMaxPos_1680x1050_>0,995,-1,-1</MinMaxPos_1680x1050_>
<NormPos_1680x1050_>224,109,1210,832</NormPos_1680x1050_>
</fmGuide>
<fmEntranceCompetition>
<EntranceCompetitionPath>22023,22027</EntranceCompetitionPath>
<FormVersion>0</FormVersion>
<DropWith>0</DropWith>
<Flags>0</Flags>
<PixelsPerInch>96</PixelsPerInch>
<MinMaxPos_1024x768_>-1,-1,-1,-1</MinMaxPos_1024x768_>
<MinMaxPos>-1,-1,-1,-1</MinMaxPos>
<NormPos_1024x768_>171,62,896,678</NormPos_1024x768_>
<NormPos>171,62,896,678</NormPos>
<MinMaxPos_1440x900_>-1,-1,-1,-1</MinMaxPos_1440x900_>
<NormPos_1440x900_>84,7,835,664</NormPos_1440x900_>
<MinMaxPos_1680x1050_>-1,-1,-1,-1</MinMaxPos_1680x1050_>
<NormPos_1680x1050_>84,7,835,664</NormPos_1680x1050_>
</fmEntranceCompetition>
<LastLayout___tbMainMenu>
<Rev>2000</Rev>
<Visible>1</Visible>
<DockedTo>dockTop</DockedTo>
<LastDock>dockTop</LastDock>
<DockRow>0</DockRow>
<DockPos>0</DockPos>
<FloatLeft>0</FloatLeft>
<FloatTop>0</FloatTop>
<FloatRightX>0</FloatRightX>
<DisplayMode>0</DisplayMode>
</LastLayout___tbMainMenu>
<LastLayout___tbOther>
<Rev>2000</Rev>
<Visible>1</Visible>
<DockedTo>dockTop</DockedTo>
<LastDock>dockTop</LastDock>
<DockRow>1</DockRow>
<DockPos>206</DockPos>
<FloatLeft>0</FloatLeft>
<FloatTop>0</FloatTop>
<FloatRightX>0</FloatRightX>
<DisplayMode>0</DisplayMode>
</LastLayout___tbOther>
<LastLayout___tbStandard>
<Rev>2000</Rev>
<Visible>1</Visible>
<DockedTo>dockTop</DockedTo>
<LastDock>dockTop</LastDock>
<DockRow>1</DockRow>
<DockPos>0</DockPos>
<FloatLeft>0</FloatLeft>
<FloatTop>0</FloatTop>
<FloatRightX>0</FloatRightX>
<DisplayMode>0</DisplayMode>
</LastLayout___tbStandard>
<LastLayout___tbFilter>
<Rev>2000</Rev>
<Visible>1</Visible>
<DockedTo>dockTop</DockedTo>
<LastDock>dockTop</LastDock>
<DockRow>1</DockRow>
<DockPos>103</DockPos>
<FloatLeft>0</FloatLeft>
<FloatTop>0</FloatTop>
<FloatRightX>0</FloatRightX>
<DisplayMode>0</DisplayMode>
</LastLayout___tbFilter>
<LastLayout___pnEnterPlans>
<Rev>2000</Rev>
<Visible>1</Visible>
<DockedTo>DockLeft</DockedTo>
<LastDock>DockLeft</LastDock>
<DockRow>0</DockRow>
<DockPos>158</DockPos>
<FloatLeft>144</FloatLeft>
<FloatTop>308</FloatTop>
<ClientWidth>233</ClientWidth>
<ClientHeight>282</ClientHeight>
<FloatingClientWidth>233</FloatingClientWidth>
<FloatingClientHeight>276</FloatingClientHeight>
<RestoreSize>276</RestoreSize>
<State>0</State>
</LastLayout___pnEnterPlans>
<fmOrders>
<FormVersion>0</FormVersion>
<ShowCmd>1</ShowCmd>
<Flags>0</Flags>
<PixelsPerInch>96</PixelsPerInch>
<MinMaxPos_1024x768_>-1,-1,-1,-1</MinMaxPos_1024x768_>
<MinMaxPos>-1,-1,-1,-1</MinMaxPos>
<NormPos_1024x768_>22,22,554,433</NormPos_1024x768_>
<NormPos>22,22,829,647</NormPos>
<pnTop_Height>129</pnTop_Height>
<pnLeft_Width>185</pnLeft_Width>
<MinMaxPos_1440x900_>-1,-1,-1,-1</MinMaxPos_1440x900_>
<NormPos_1440x900_>22,22,829,647</NormPos_1440x900_>
</fmOrders>
<fmEntrantsRules>
<FormVersion>0</FormVersion>
<Grid.ORDER_RULES>0,29,0,1,0,7,0,0,1</Grid.ORDER_RULES>
<Grid.FIELDID>1,467,0,1,0,7,0,0,1</Grid.FIELDID>
<_Default_>0,0</_Default_>
<lcbRulestype>RULESTYPE_CATEGORY_ORDER</lcbRulestype>
<Flags>0</Flags>
<PixelsPerInch>96</PixelsPerInch>
<MinMaxPos_1440x900_>-1,-1,-1,-1</MinMaxPos_1440x900_>
<MinMaxPos>-1,-1,-1,-1</MinMaxPos>
<NormPos_1440x900_>25,25,562,376</NormPos_1440x900_>
<NormPos>161,-7,698,417</NormPos>
<MinMaxPos_1680x1050_>-1,-1,-1,-1</MinMaxPos_1680x1050_>
<NormPos_1680x1050_>25,25,562,376</NormPos_1680x1050_>
<MinMaxPos_1024x768_>-1,-1,-1,-1</MinMaxPos_1024x768_>
<NormPos_1024x768_>161,-7,698,417</NormPos_1024x768_>
</fmEntrantsRules>
<fmTestListMaster>
<FormVersion>0</FormVersion>
<cbInclude>0</cbInclude>
<cbTestListFor>0</cbTestListFor>
<cbAutoNumTemplate>1</cbAutoNumTemplate>
<seAutoNumNum>10</seAutoNumNum>
<Flags>0</Flags>
<PixelsPerInch>96</PixelsPerInch>
<MinMaxPos_1024x768_>-1,-1,-3,-3</MinMaxPos_1024x768_>
<MinMaxPos>-1,-1,-3,-3</MinMaxPos>
<NormPos_1024x768_>117,50,667,529</NormPos_1024x768_>
<NormPos>117,50,667,529</NormPos>
<MinMaxPos_1440x900_>-1,-1,-3,-3</MinMaxPos_1440x900_>
<NormPos_1440x900_>117,50,667,532</NormPos_1440x900_>
<MinMaxPos_1680x1050_>-1,-1,-3,-3</MinMaxPos_1680x1050_>
<NormPos_1680x1050_>117,50,667,530</NormPos_1680x1050_>
</fmTestListMaster>
<fmTestLists>
<FormVersion>0</FormVersion>
<lcSpeciality>0</lcSpeciality>
<lcEduForm>0</lcEduForm>
<lcDiscipline>-1</lcDiscipline>
<GridEh.TESTLISTNUM>0,36,0,1,0,7,0,0,1</GridEh.TESTLISTNUM>
<GridEh.TESTLISTDATE>1,63,0,1,0,7,0,0,1</GridEh.TESTLISTDATE>
<GridEh.DISCIPLINENUMTITLE>2,31,0,1,0,7,0,0,1</GridEh.DISCIPLINENUMTITLE>
<GridEh.GROUPNUM>3,39,0,1,0,7,0,0,1</GridEh.GROUPNUM>
<GridEh.SPECIALITY>4,97,0,1,0,7,0,0,1</GridEh.SPECIALITY>
<GridEh.DISCIPLINE>5,86,0,1,0,7,0,0,1</GridEh.DISCIPLINE>
<GridEh.EDUBASIS>6,904,0,1,0,7,0,0,1</GridEh.EDUBASIS>
<GridEh.EDUFORM>7,56,0,1,0,7,0,0,1</GridEh.EDUFORM>
<_Default_>0,0</_Default_>
<Flags>0</Flags>
<PixelsPerInch>96</PixelsPerInch>
<MinMaxPos_1024x768_>-1,-1,-1,-1</MinMaxPos_1024x768_>
<MinMaxPos>-1,-1,-1,-1</MinMaxPos>
<NormPos_1024x768_>55,154,982,622</NormPos_1024x768_>
<NormPos>55,154,982,622</NormPos>
<pnLeft_Width>489</pnLeft_Width>
<MinMaxPos_1440x900_>-1,-1,-1,-1</MinMaxPos_1440x900_>
<NormPos_1440x900_>37,94,869,562</NormPos_1440x900_>
<MinMaxPos_1680x1050_>-1,-1,-1,-1</MinMaxPos_1680x1050_>
<NormPos_1680x1050_>37,94,869,562</NormPos_1680x1050_>
</fmTestLists>
<frEntrantMarks>
<Grid.FIO>0,222,0,1,0,7,0,0,1</Grid.FIO>
<Grid.PERSONALFILENUM>1,90,0,1,0,7,0,0,1</Grid.PERSONALFILENUM>
<Grid.MARKID>2,60,0,1,0,7,0,0,1</Grid.MARKID>
<_Default_>0,0</_Default_>
</frEntrantMarks>
<fmCompetitionAccount>
<FormVersion>0</FormVersion>
<Grid.ENTRANTNUM>0,24,0,1,0,7,0,0,1</Grid.ENTRANTNUM>
<Grid.FIO>1,195,0,1,0,7,0,0,1</Grid.FIO>
<Grid.PERSONALFILENUM>2,64,0,1,0,7,0,0,1</Grid.PERSONALFILENUM>
<Grid.MARKS_SUM>3,66,0,1,0,7,0,0,1</Grid.MARKS_SUM>
<Grid.ADDINFO>4,374,0,1,0,7,0,0,1</Grid.ADDINFO>
<_Default_>0,0</_Default_>
<Flags>0</Flags>
<PixelsPerInch>96</PixelsPerInch>
<MinMaxPos_1440x900_>-1,-1,-1,-1</MinMaxPos_1440x900_>
<MinMaxPos>-1,-1,-1,-1</MinMaxPos>
<NormPos_1440x900_>63,88,876,489</NormPos_1440x900_>
<NormPos>26,163,1004,564</NormPos>
<pnLeft_Width>225</pnLeft_Width>
<MinMaxPos_1680x1050_>-1,-1,-1,-1</MinMaxPos_1680x1050_>
<NormPos_1680x1050_>63,88,1041,489</NormPos_1680x1050_>
<MinMaxPos_1024x768_>-1,-1,-1,-1</MinMaxPos_1024x768_>
<NormPos_1024x768_>26,163,1004,564</NormPos_1024x768_>
</fmCompetitionAccount>
<fmConfirmedOrders>
<FormVersion>0</FormVersion>
<OrdersPath>0.1005.100509708.38710</OrdersPath>
<ShowCmd>1</ShowCmd>
<Flags>0</Flags>
<PixelsPerInch>96</PixelsPerInch>
<MinMaxPos_1440x900_>-1,-1,-1,-1</MinMaxPos_1440x900_>
<MinMaxPos>-1,-1,-1,-1</MinMaxPos>
<NormPos_1440x900_>10,38,973,572</NormPos_1440x900_>
<NormPos>10,38,973,572</NormPos>
<pnLeft_Width>148</pnLeft_Width>
</fmConfirmedOrders>
<fmUsers>
<FormVersion>0</FormVersion>
<ShowCmd>1</ShowCmd>
<Flags>0</Flags>
<PixelsPerInch>96</PixelsPerInch>
<MinMaxPos_1440x900_>-1,-1,-1,-1</MinMaxPos_1440x900_>
<MinMaxPos>-1,-1,-1,-1</MinMaxPos>
<NormPos_1440x900_>94,69,787,525</NormPos_1440x900_>
<NormPos>94,69,787,525</NormPos>
<MinMaxPos_1680x1050_>-1,-1,-1,-1</MinMaxPos_1680x1050_>
<NormPos_1680x1050_>94,69,787,525</NormPos_1680x1050_>
</fmUsers>
<fmPCard>
<FormVersion>0</FormVersion>
<page_p1>
<splitter_width>223</splitter_width>
<sect_s1>TRUE</sect_s1>
<sect_s2>TRUE</sect_s2>
<sect_s3>TRUE</sect_s3>
</page_p1>
<page_p2>
<splitter_width>267</splitter_width>
<sect_s2>TRUE</sect_s2>
<sect_s3>TRUE</sect_s3>
<sect_s4>TRUE</sect_s4>
</page_p2>
<page_p3>
<splitter_width>239</splitter_width>
<sect_s3>TRUE</sect_s3>
<sect_s4>TRUE</sect_s4>
<sect_s5>TRUE</sect_s5>
<sect_s6>TRUE</sect_s6>
<sect_s7>TRUE</sect_s7>
<sect_s8>TRUE</sect_s8>
<sect_s9>TRUE</sect_s9>
</page_p3>
<page_p4>
<splitter_width>409</splitter_width>
<sect_s6>TRUE</sect_s6>
<sect_s7>TRUE</sect_s7>
<sect_s8>TRUE</sect_s8>
<sect_s9>TRUE</sect_s9>
<sect_s10>TRUE</sect_s10>
<sect_s11>TRUE</sect_s11>
</page_p4>
<Flags>0</Flags>
<PixelsPerInch>96</PixelsPerInch>
<MinMaxPos_1440x900_>-1,-1,-1,-1</MinMaxPos_1440x900_>
<MinMaxPos>-1,-1,-1,-1</MinMaxPos>
<NormPos_1440x900_>439,55,995,625</NormPos_1440x900_>
<NormPos>312,129,868,699</NormPos>
<MinMaxPos_1680x1050_>-1,-1,-1,-1</MinMaxPos_1680x1050_>
<NormPos_1680x1050_>459,37,1015,657</NormPos_1680x1050_>
<cbtAlwaysOnTop>FALSE</cbtAlwaysOnTop>
<btnAutoCert_Checked>TRUE</btnAutoCert_Checked>
<page__________________>
<splitter_width>221</splitter_width>
<sect_1504>TRUE</sect_1504>
<sect_1514>TRUE</sect_1514>
<sect_1523>TRUE</sect_1523>
<sect_1638>TRUE</sect_1638>
<sect_1649>TRUE</sect_1649>
<sect_1658>TRUE</sect_1658>
<sect_7607>TRUE</sect_7607>
<sect_7618>TRUE</sect_7618>
<sect_7627>TRUE</sect_7627>
</page__________________>
<page____________>
<splitter_width>221</splitter_width>
<sect_1536>TRUE</sect_1536>
<sect_1671>TRUE</sect_1671>
<sect_7640>TRUE</sect_7640>
</page____________>
<page_______>
<splitter_width>235</splitter_width>
<sect_1553>TRUE</sect_1553>
<sect_1555>TRUE</sect_1555>
<sect_1559>TRUE</sect_1559>
<sect_1563>TRUE</sect_1563>
<sect_1567>TRUE</sect_1567>
<sect_1688>TRUE</sect_1688>
<sect_1690>TRUE</sect_1690>
<sect_1694>TRUE</sect_1694>
<sect_1698>TRUE</sect_1698>
<sect_1702>TRUE</sect_1702>
<sect_7657>TRUE</sect_7657>
<sect_7659>TRUE</sect_7659>
<sect_7663>TRUE</sect_7663>
<sect_7667>TRUE</sect_7667>
<sect_7671>TRUE</sect_7671>
</page_______>
<page__________>
<splitter_width>415</splitter_width>
<sect_1571>TRUE</sect_1571>
<sect_1706>TRUE</sect_1706>
<sect_7675>TRUE</sect_7675>
<sect_8094>TRUE</sect_8094>
<sect_8095>TRUE</sect_8095>
</page__________>
<MinMaxPos_1024x768_>-1,-1,-1,-1</MinMaxPos_1024x768_>
<NormPos_1024x768_>312,129,868,699</NormPos_1024x768_>
</fmPCard>
<fmParameters>
<AKReports>
<R6D08E3AD-5EAD-4472-9375-DEE542B882DD>
<OnDate>29.03.2011</OnDate>
<EduLevelID>7701</EduLevelID>
</R6D08E3AD-5EAD-4472-9375-DEE542B882DD>
<Common>
<Secretar>9605</Secretar>
</Common>
<R52AD4D23-7767-47BC-8E12-C7D7BB80AB03>
<EDULEVELID>7701</EDULEVELID>
<EDULEVELID_Enabled>FALSE</EDULEVELID_Enabled>
</R52AD4D23-7767-47BC-8E12-C7D7BB80AB03>
<R2EFF7596-889D-4630-BFE9-79B668D30F81>
<OnDate>29.03.2011</OnDate>
<Target>6503</Target>
</R2EFF7596-889D-4630-BFE9-79B668D30F81>
<R87958EA8-AACF-428A-B2D3-B5E8D695A4C9>
<EDULEVELID>Null</EDULEVELID>
<EDULEVELID_Enabled>FALSE</EDULEVELID_Enabled>
<Rules>19016,19017</Rules>
<EnterDate>01.08.2010</EnterDate>
</R87958EA8-AACF-428A-B2D3-B5E8D695A4C9>
<R05F6A022-132E-4472-BECE-1BDFEDE61B60>
<EDUFORM>5301</EDUFORM>
<EDUBASIS>5200</EDUBASIS>
<RECRUITING>9200</RECRUITING>
<USE_AFTER_CORRECTION>False</USE_AFTER_CORRECTION>
<OnDate>01.08.2010</OnDate>
</R05F6A022-132E-4472-BECE-1BDFEDE61B60>
<RCDC0D34E-CB2B-4BFC-83C4-A9189C46F044>
<Fields>19004,19005,19006</Fields>
</RCDC0D34E-CB2B-4BFC-83C4-A9189C46F044>
<RB19D4CD0-1FB0-4F9C-B133-ADA2030F3C2D>
<RECRUITINGID>9200</RECRUITINGID>
<EDUFORMID>5301</EDUFORMID>
<EDUBASISID>5200</EDUBASISID>
</RB19D4CD0-1FB0-4F9C-B133-ADA2030F3C2D>
<RAB5C0378-37AC-41E2-9A06-77D64ABA2A2C>
<EDUFORMID>5301</EDUFORMID>
</RAB5C0378-37AC-41E2-9A06-77D64ABA2A2C>
<RF54AB7B5-7431-424A-905E-056A398C3901>
<EDUFORMID>5301</EDUFORMID>
</RF54AB7B5-7431-424A-905E-056A398C3901>
<R9258EE80-9B99-4DDC-A96C-692384736428>
<EDUFORMID>5301</EDUFORMID>
<EDUBASISID>5200</EDUBASISID>
</R9258EE80-9B99-4DDC-A96C-692384736428>
<RF4F13278-00C7-48F0-9765-340665BA1CD2>
<EDUFORMID>5301</EDUFORMID>
</RF4F13278-00C7-48F0-9765-340665BA1CD2>
<R750A9624-1B96-41DD-BF11-FAE6C908802A>
<EDUFORMID>5301</EDUFORMID>
</R750A9624-1B96-41DD-BF11-FAE6C908802A>
<RA5317DAD-EAF0-4F17-91E7-A7D4C7E5242A>
<EDUFORMID>5301</EDUFORMID>
</RA5317DAD-EAF0-4F17-91E7-A7D4C7E5242A>
<R14D1F564-D61A-475E-B10D-C93A73A70D01>
<EDUFORMID>5301</EDUFORMID>
</R14D1F564-D61A-475E-B10D-C93A73A70D01>
</AKReports>
<FormVersion>0</FormVersion>
<ShowCmd>1</ShowCmd>
<Flags>0</Flags>
<PixelsPerInch>96</PixelsPerInch>
<MinMaxPos_1440x900_>-1,-1,-1,-1</MinMaxPos_1440x900_>
<MinMaxPos>-1,-1,-1,-1</MinMaxPos>
<NormPos_1440x900_>511,281,929,619</NormPos_1440x900_>
<NormPos>511,281,929,619</NormPos>
<SaveValues>FALSE</SaveValues>
</fmParameters>
<fmAccountMaster>
<FormVersion>0</FormVersion>
<Flags>0</Flags>
<PixelsPerInch>96</PixelsPerInch>
<MinMaxPos_1440x900_>-1,-1,-3,-3</MinMaxPos_1440x900_>
<MinMaxPos>-1,-1,-3,-3</MinMaxPos>
<NormPos_1440x900_>117,50,667,532</NormPos_1440x900_>
<NormPos>117,50,667,529</NormPos>
<cbOriginal_Checked>FALSE</cbOriginal_Checked>
<cbPayment_Checked>FALSE</cbPayment_Checked>
<cbQuotaAfterCorrection_Checked>FALSE</cbQuotaAfterCorrection_Checked>
<cbQuotaForPrivilege_Checked>FALSE</cbQuotaForPrivilege_Checked>
<MinMaxPos_1680x1050_>-1,-1,-3,-3</MinMaxPos_1680x1050_>
<NormPos_1680x1050_>117,50,667,530</NormPos_1680x1050_>
<MinMaxPos_1024x768_>-1,-1,-3,-3</MinMaxPos_1024x768_>
<NormPos_1024x768_>117,50,667,529</NormPos_1024x768_>
</fmAccountMaster>
<LastLayout___pnFilterDock>
<Rev>2000</Rev>
<Visible>1</Visible>
<DockedTo>DockLeft</DockedTo>
<LastDock>DockLeft</LastDock>
<DockRow>0</DockRow>
<DockPos>235</DockPos>
<FloatLeft>0</FloatLeft>
<FloatTop>0</FloatTop>
<ClientWidth>286</ClientWidth>
<ClientHeight>207</ClientHeight>
<FloatingClientWidth>0</FloatingClientWidth>
<FloatingClientHeight>0</FloatingClientHeight>
<RestoreSize>0</RestoreSize>
<State>0</State>
</LastLayout___pnFilterDock>
<LastLayout___pnEnterPlanDock>
<Rev>2000</Rev>
<Visible>1</Visible>
<DockedTo>DockLeft</DockedTo>
<LastDock>DockLeft</LastDock>
<DockRow>0</DockRow>
<DockPos>0</DockPos>
<FloatLeft>0</FloatLeft>
<FloatTop>0</FloatTop>
<ClientWidth>286</ClientWidth>
<ClientHeight>231</ClientHeight>
<FloatingClientWidth>0</FloatingClientWidth>
<FloatingClientHeight>0</FloatingClientHeight>
<RestoreSize>0</RestoreSize>
<State>0</State>
</LastLayout___pnEnterPlanDock>
<fmUserRights>
<FormVersion>0</FormVersion>
<Flags>0</Flags>
<PixelsPerInch>96</PixelsPerInch>
<MinMaxPos_1024x768_>-1,-1,-3,-3</MinMaxPos_1024x768_>
<MinMaxPos>-1,-1,-3,-3</MinMaxPos>
<NormPos_1024x768_>336,147,885,526</NormPos_1024x768_>
<NormPos>336,147,885,526</NormPos>
<MinMaxPos_1440x900_>-1,-1,-3,-3</MinMaxPos_1440x900_>
<NormPos_1440x900_>336,147,885,529</NormPos_1440x900_>
</fmUserRights>
</Configuration>